﻿gene-symbol,ensembl-id
ABAT,ENSG00000183044
ABCA10,ENSG00000154263
ABCA13,ENSG00000179869
ABCA7,ENSG00000064687
ACE,ENSG00000159640
ACHE,ENSG00000087085
ACTB,ENSG00000075624
ACTL6B,ENSG00000077080
ACTN4,ENSG00000130402
ACY1,ENSG00000243989
ADA,N/A
ADCY3,ENSG00000138031
ADCY5,ENSG00000173175
ADK,ENSG00000156110
ADNP,ENSG00000101126
ADORA3,ENSG00000282608
ADSL,ENSG00000239900
AFF2,ENSG00000155966
AGAP1,ENSG00000157985
AGAP2,ENSG00000135439
ADSS2,N/A
AGBL4,ENSG00000186094
AGMO,ENSG00000187546
AGO1,ENSG00000092847
AGO3,ENSG00000126070
AGO4,ENSG00000134698
AGTR2,ENSG00000180772
AHDC1,ENSG00000126705
AHI1,ENSG00000135541
AKAP9,ENSG00000127914
ALDH1A3,ENSG00000184254
ALDH5A1,ENSG00000112294
AMPD1,ENSG00000116748
AMT,ENSG00000145020
ANK2,ENSG00000145362
ANK3,ENSG00000151150
ANKRD11,ENSG00000167522
AGAP5,ENSG00000172650
AGO2,ENSG00000123908
AHNAK,ENSG00000124942
ANKRD17,ENSG00000132466
ANKS1B,ENSG00000185046
ANXA1,ENSG00000135046
AP1S2,ENSG00000182287
APBA2,ENSG00000034053
APBB1,ENSG00000166313
APH1A,ENSG00000117362
ARHGAP11B,ENSG00000284906
ARHGAP32,ENSG00000134909
ARHGAP5,ENSG00000100852
ARHGEF10,ENSG00000104728
ARHGEF9,ENSG00000131089
ARID1B,ENSG00000049618
ARID2,ENSG00000189079
ARNT2,ENSG00000172379
ARX,ENSG00000004848
ASAP2,ENSG00000151693
ASB14,ENSG00000239388
ASH1L,ENSG00000116539
ASMT,ENSG00000196433
ASPM,ENSG00000066279
ASTN2,ENSG00000148219
ASXL3,ENSG00000141431
ATP10A,ENSG00000206190
ATP1A1,ENSG00000163399
ATP1A3,ENSG00000105409
ATP2B2,ENSG00000157087
ATP6V0A2,ENSG00000185344
ATRX,ENSG00000085224
AUTS2,ENSG00000158321
ADORA2A,ENSG00000128271
AP2S1,ENSG00000042753
AVPR1A,ENSG00000166148
AZGP1,ENSG00000160862
BAZ2B,ENSG00000123636
BBS4,ENSG00000140463
BCAS1,ENSG00000064787
BCKDK,ENSG00000103507
BCL11A,ENSG00000119866
ADRB2,ENSG00000169252
ALG6,ENSG00000088035
AR,N/A
AVPR1B,ENSG00000198049
BCORL1,ENSG00000085185
BIRC6,ENSG00000115760
BRAF,ENSG00000157764
BRCA2,ENSG00000139618
BRD4,ENSG00000141867
BRSK2,ENSG00000174672
BRWD3,ENSG00000165288
BST1,ENSG00000109743
BTAF1,ENSG00000095564
BTRC,ENSG00000166167
C12orf57,ENSG00000111678
C15orf62,ENSG00000188277
C4B,ENSG00000224389
CA6,ENSG00000131686
CACNA1A,ENSG00000141837
CACNA1B,ENSG00000148408
CACNA1C,ENSG00000151067
CACNA1D,ENSG00000157388
CACNA1E,ENSG00000198216
CACNA1F,ENSG00000102001
CACNA1G,ENSG00000006283
CACNA1H,ENSG00000196557
CACNA1I,ENSG00000100346
CACNA2D1,ENSG00000153956
CACNA2D3,ENSG00000157445
CACNB2,ENSG00000165995
CADM1,ENSG00000182985
CADM2,ENSG00000175161
CADPS,ENSG00000163618
CADPS2,ENSG00000081803
CAMK2A,ENSG00000070808
CAMK2B,ENSG00000058404
CAMK4,ENSG00000152495
CAPN12,ENSG00000182472
CAPRIN1,ENSG00000135387
CARD11,ENSG00000198286
CASK,ENSG00000147044
CASZ1,ENSG00000130940
CC2D1A,ENSG00000132024
CCDC88C,ENSG00000015133
CCDC91,ENSG00000123106
CCIN,ENSG00000185972
CCNG1,ENSG00000113328
CCNK,ENSG00000090061
CCSER1,ENSG00000184305
CCT4,ENSG00000115484
CD276,ENSG00000103855
CD38,ENSG00000004468
CDC42BPB,ENSG00000198752
BRINP3,ENSG00000162670
CACNB1,ENSG00000067191
CD99L2,ENSG00000102181
CDH10,ENSG00000040731
CDH11,ENSG00000140937
CDH13,ENSG00000140945
CDH22,ENSG00000149654
CDH8,ENSG00000150394
CDH9,ENSG00000113100
CDK13,ENSG00000065883
CDK19,ENSG00000155111
CDK8,ENSG00000132964
CDKL5,ENSG00000008086
BICRA,ENSG00000063169
BICDL1,ENSG00000135127
CECR2,ENSG00000099954
CELF4,ENSG00000101489
CELF6,ENSG00000140488
CEP135,ENSG00000174799
CEP290,ENSG00000198707
CEP41,ENSG00000106477
CGNL1,ENSG00000128849
CHAMP1,ENSG00000198824
CHD1,ENSG00000153922
CHD2,ENSG00000173575
CHD3,ENSG00000170004
CHD7,ENSG00000171316
CHD8,ENSG00000100888
CHKB,ENSG00000100288
CHMP1A,ENSG00000131165
CHRM3,ENSG00000133019
CHRNA7,ENSG00000175344
CHRNB3,ENSG00000147432
CIB2,ENSG00000136425
CIC,ENSG00000079432
CLASP1,ENSG00000074054
CLCN4,ENSG00000073464
CLN8,ENSG00000182372
CLTCL1,ENSG00000070371
CDON,ENSG00000064309
CHM,ENSG00000188419
CLIP2,ENSG00000106665
CMIP,ENSG00000153815
CMPK2,ENSG00000134326
CNGB3,ENSG00000170289
CNKSR2,ENSG00000149970
CNOT3,ENSG00000088038
CNR1,ENSG00000118432
CNTN3,ENSG00000113805
CNTN4,ENSG00000144619
CNTN5,ENSG00000149972
CNTN6,ENSG00000134115
CNTNAP2,ENSG00000174469
CNTNAP3,ENSG00000106714
CNTNAP4,ENSG00000152910
CNTNAP5,ENSG00000155052
COL28A1,ENSG00000215018
CPT2,ENSG00000157184
CPZ,ENSG00000109625
CREBBP,ENSG00000005339
CSDE1,ENSG00000009307
CSMD1,ENSG00000183117
CSNK1E,ENSG00000213923
CTCF,ENSG00000102974
CTNNA2,ENSG00000066032
CTNNA3,ENSG00000183230
CTNNB1,ENSG00000168036
CTNND2,ENSG00000169862
CTTNBP2,ENSG00000077063
CUL3,ENSG00000036257
CNOT1,ENSG00000125107
CORO1A,ENSG00000102879
CSNK1G1,ENSG00000169118
CSNK2A1,ENSG00000101266
CSNK2B,ENSG00000204435
CUL7,ENSG00000044090
CUX1,ENSG00000257923
CUX2,ENSG00000111249
CX3CR1,ENSG00000168329
CYFIP1,ENSG00000273749
CYLC2,ENSG00000155833
CYP27A1,ENSG00000135929
DAGLA,ENSG00000134780
DAPP1,ENSG00000070190
DDC,ENSG00000132437
DDX3X,ENSG00000215301
DDX53,ENSG00000184735
DEAF1,ENSG00000177030
DENR,ENSG00000139726
DEPDC5,ENSG00000100150
DHCR7,ENSG00000172893
DHX30,ENSG00000132153
DIP2A,ENSG00000160305
DIP2C,ENSG00000151240
DISC1,ENSG00000162946
DIXDC1,ENSG00000150764
DIPK2A,ENSG00000181744
DLG1,ENSG00000075711
DLG2,ENSG00000150672
DLG4,ENSG00000132535
DLGAP1,ENSG00000170579
DLGAP2,ENSG00000198010
DLGAP3,ENSG00000116544
DLL1,ENSG00000198719
DLX3,ENSG00000064195
DLX6,ENSG00000006377
DMD,ENSG00000198947
DMPK,ENSG00000104936
CPEB4,ENSG00000113742
CYP11B1,ENSG00000160882
DDHD2,ENSG00000085788
DDX23,ENSG00000174243
DLX2,ENSG00000115844
DMWD,ENSG00000185800
DMXL2,ENSG00000104093
DNAH10,ENSG00000197653
DNAH17,ENSG00000187775
DNAH3,ENSG00000158486
DNER,ENSG00000187957
DNMT3A,ENSG00000119772
DCC,ENSG00000187323
DOCK1,ENSG00000150760
DOCK4,ENSG00000128512
DOCK8,ENSG00000107099
DOLK,ENSG00000175283
DPP10,ENSG00000175497
DPP3,ENSG00000254986
DPP4,ENSG00000197635
DPP6,ENSG00000130226
DPYD,ENSG00000188641
DPYSL2,ENSG00000092964
DPYSL3,ENSG00000113657
DRD1,ENSG00000184845
DRD2,ENSG00000149295
DRD3,ENSG00000151577
DSCAM,ENSG00000171587
DST,ENSG00000151914
DUSP15,ENSG00000149599
DVL3,ENSG00000161202
DYDC1,ENSG00000170788
DYDC2,ENSG00000133665
DYNC1H1,ENSG00000197102
DYRK1A,ENSG00000157540
EBF3,ENSG00000108001
EEF1A2,ENSG00000101210
EFR3A,ENSG00000132294
EGR3,ENSG00000179388
EHMT1,ENSG00000181090
EIF3G,ENSG00000130811
EIF4E,ENSG00000151247
ELAVL2,ENSG00000107105
ELAVL3,ENSG00000196361
ELP4,ENSG00000109911
EN2,ENSG00000164778
EP300,ENSG00000100393
EP400,ENSG00000183495
EMSY,ENSG00000158636
EPC2,ENSG00000135999
EPHB2,ENSG00000133216
EPPK1,ENSG00000261150
ERMN,ENSG00000136541
ESR2,ENSG00000140009
ESRRB,ENSG00000119715
ETFB,ENSG00000105379
EXOC3,ENSG00000180104
EXOC5,ENSG00000070367
EXOC6,ENSG00000138190
EXOC6B,ENSG00000144036
EXT1,ENSG00000182197
ERBIN,ENSG00000112851
FABP5,ENSG00000164687
FAM47A,ENSG00000185448
FAM98C,ENSG00000130244
FAN1,ENSG00000198690
FAT1,ENSG00000083857
FBN1,ENSG00000166147
FBXO11,ENSG00000138081
FBXO40,ENSG00000163833
FCRL6,ENSG00000181036
FEZF2,ENSG00000153266
FGA,ENSG00000171560
FHIT,ENSG00000189283
FMR1,ENSG00000102081
FOXG1,ENSG00000176165
FOXP1,ENSG00000114861
FOXP2,ENSG00000128573
FRK,ENSG00000111816
FRMPD4,ENSG00000169933
GABBR2,ENSG00000136928
GABRA3,ENSG00000011677
GABRA4,ENSG00000109158
GABRB3,ENSG00000166206
GABRG3,ENSG00000182256
GALNT13,ENSG00000144278
GALNT14,ENSG00000158089
GALNT8,ENSG00000130035
GATM,ENSG00000171766
EIF4G1,ENSG00000114867
ELOVL2,ENSG00000197977
ELP2,ENSG00000134759
ENPP1,ENSG00000197594
ERG,ENSG00000157554
FABP4,ENSG00000170323
FBRSL1,ENSG00000112787
FBXO33,ENSG00000165355
FGF13,ENSG00000129682
FGF14,ENSG00000102466
FRG1,ENSG00000109536
FXN,ENSG00000165060
GABRB2,ENSG00000145864
GALNT2,ENSG00000143641
GAS2,ENSG00000148935
GDA,ENSG00000119125
GGNBP2,ENSG00000278311
GIGYF1,ENSG00000146830
GIGYF2,ENSG00000204120
GLIS1,ENSG00000174332
GLO1,ENSG00000124767
GLRA2,ENSG00000101958
GNAS,ENSG00000087460
GNB1L,ENSG00000185838
GPC4,ENSG00000076716
GPC6,ENSG00000183098
GPD2,ENSG00000115159
GPHN,ENSG00000171723
GPR37,ENSG00000170775
GPR85,ENSG00000164604
GPX1,
GRIA1,ENSG00000155511
GRIA2,ENSG00000120251
GRID1,ENSG00000182771
GRID2,ENSG00000152208
GRID2IP,ENSG00000215045
GRIK2,ENSG00000164418
GRIK3,ENSG00000163873
GRIK4,ENSG00000149403
GRIK5,ENSG00000105737
GRIN1,ENSG00000176884
GRIN2A,ENSG00000183454
FGFR1,ENSG00000077782
GALNT10,ENSG00000164574
GFAP,ENSG00000131095
GNAI1,ENSG00000127955
GRIN2B,ENSG00000273079
GRIP1,ENSG00000155974
GRM5,ENSG00000168959
GRM7,ENSG00000196277
GTF2I,ENSG00000263001
GUCY1A2,ENSG00000152402
HCFC1,ENSG00000172534
HCN1,ENSG00000164588
HDAC4,ENSG00000068024
HDAC8,ENSG00000147099
HDLBP,ENSG00000115677
HECTD4,ENSG00000173064
HECW2,ENSG00000138411
HEPACAM,ENSG00000165478
H2BC11,N/A
HERC2,ENSG00000128731
HIVEP2,ENSG00000010818
HIVEP3,ENSG00000127124
HLA-DPB1,ENSG00000223865
HNRNPH2,ENSG00000126945
HNRNPU,ENSG00000153187
HOMER1,ENSG00000152413
HOXA1,ENSG00000105991
HRAS,ENSG00000174775
HTR1B,ENSG00000135312
HTR3A,ENSG00000166736
HTR3C,ENSG00000178084
HUWE1,ENSG00000086758
HYDIN,ENSG00000157423
ICA1,ENSG00000003147
IL1R2,ENSG00000115590
IL1RAPL1,ENSG00000169306
IL1RAPL2,ENSG00000189108
ILF2,ENSG00000143621
IMMP2L,ENSG00000184903
INPP1,ENSG00000151689
INTS1,ENSG00000164880
INTS6,ENSG00000102786
IQGAP3,ENSG00000183856
IQSEC2,ENSG00000124313
IRF2BPL,ENSG00000119669
ITGB3,ENSG00000259207
ITPR1,ENSG00000150995
ITSN1,ENSG00000205726
GSTM1,ENSG00000134184
HLA-A,ENSG00000206503
HNRNPD,ENSG00000138668
HNRNPF,ENSG00000169813
HNRNPK,ENSG00000165119
HNRNPR,ENSG00000125944
HNRNPUL2,ENSG00000214753
IGF1,ENSG00000017427
JARID2,ENSG00000008083
JMJD1C,ENSG00000171988
KANK1,ENSG00000107104
KANSL1,ENSG00000120071
KAT2B,ENSG00000114166
KAT6A,ENSG00000083168
HLA-B,ENSG00000234745
HLA-DRB1,ENSG00000196126
HLA-G,ENSG00000204632
HMGN1,ENSG00000205581
HS3ST5,ENSG00000249853
HSD11B1,ENSG00000117594
KATNAL1,ENSG00000102781
KATNAL2,ENSG00000167216
KCNB1,ENSG00000158445
KCNC1,ENSG00000129159
KCND2,ENSG00000184408
KCND3,ENSG00000171385
KCNJ10,ENSG00000177807
KCNJ15,ENSG00000157551
KCNK7,ENSG00000173338
KCNMA1,ENSG00000156113
KCNQ2,ENSG00000075043
KCNQ3,ENSG00000184156
KCNS3,ENSG00000170745
KCTD13,ENSG00000174943
KDM1B,ENSG00000165097
KDM3B,ENSG00000120733
KDM4B,ENSG00000127663
KDM4C,ENSG00000107077
KDM5B,ENSG00000117139
KDM5C,ENSG00000126012
KDM6A,ENSG00000147050
KDM6B,ENSG00000132510
KHDRBS2,ENSG00000112232
KIAA1586,ENSG00000168116
KIF13B,ENSG00000197892
KIF14,ENSG00000118193
KAT6B,ENSG00000156650
KDM5A,ENSG00000073614
KIAA0232,ENSG00000170871
KIF1A,ENSG00000130294
KIF5C,ENSG00000168280
KIRREL3,ENSG00000149571
KLF16,ENSG00000129911
KMT2A,ENSG00000118058
KMT2C,ENSG00000055609
KMT2E,ENSG00000005483
KPTN,ENSG00000118162
KRR1,ENSG00000111615
KRT26,ENSG00000186393
LAMA1,ENSG00000101680
LAMB1,ENSG00000091136
LEO1,ENSG00000166477
LEP,ENSG00000174697
LILRB2,ENSG00000131042
LIN7B,ENSG00000104863
KMT5B,ENSG00000110066
LNPK,ENSG00000144320
LRBA,ENSG00000198589
LRFN2,ENSG00000156564
LRFN5,ENSG00000165379
LRP1,ENSG00000123384
LRP2,ENSG00000081479
LRRC1,ENSG00000137269
LRRC4,ENSG00000128594
LZTR1,ENSG00000099949
MACROD2,ENSG00000172264
MAGEL2,ENSG00000254585
MAOA,ENSG00000189221
MAOB,ENSG00000069535
MAPK3,ENSG00000102882
MARK1,ENSG00000116141
MBD1,ENSG00000141644
MBD3,ENSG00000071655
MBD4,ENSG00000129071
MBD5,ENSG00000204406
MBD6,ENSG00000166987
MBOAT7,ENSG00000125505
MCM4,ENSG00000104738
MCM6,ENSG00000076003
MCPH1,ENSG00000147316
MDGA2,ENSG00000139915
MECP2,ENSG00000169057
KNG1,ENSG00000113889
LAS1L,ENSG00000001497
LDB1,ENSG00000198728
LDLR,ENSG00000130164
LMX1B,ENSG00000136944
LRRC4C,ENSG00000148948
LZTS2,ENSG00000107816
MED12L,ENSG00000144893
MED13,ENSG00000108510
MED13L,ENSG00000123066
MEF2C,ENSG00000081189
KIZ,ENSG00000088970
MAPT,ENSG00000186868
MAPT-AS1,ENSG00000264589
MEGF10,ENSG00000145794
MEGF11,ENSG00000157890
MEIS2,ENSG00000134138
MEMO1,ENSG00000162959
MET,N/A
MFRP,ENSG00000235718
MIB1,ENSG00000101752
MKX,ENSG00000150051
METTL26,ENSG00000130731
MIR137,N/A
MAP1A,ENSG00000166963
MLANA,ENSG00000120215
MSANTD2,ENSG00000120458
MSR1,ENSG00000038945
MTF1,ENSG00000188786
MTHFR,ENSG00000177000
MTOR,ENSG00000198793
MUC12,ENSG00000205277
MUC4,ENSG00000145113
MYH10,ENSG00000133026
MRTFB,ENSG00000186260
MYH4,ENSG00000264424
MYO16,ENSG00000041515
MYO1E,ENSG00000157483
MYO5A,ENSG00000197535
MYO5C,ENSG00000128833
MYO9B,ENSG00000099331
MYT1L,ENSG00000186487
NAA15,ENSG00000164134
NAALADL2,ENSG00000177694
NACC1,ENSG00000160877
NAV2,ENSG00000166833
NBEA,ENSG00000172915
NCKAP1,ENSG00000061676
NCKAP5,ENSG00000176771
NCOR1,ENSG00000141027
NEGR1,ENSG00000172260
NEO1,ENSG00000067141
NEXMIF,ENSG00000050030
NF1,ENSG00000196712
NFE2L3,ENSG00000050344
NFIA,ENSG00000162599
NFIB,ENSG00000147862
NFIX,ENSG00000008441
NINL,ENSG00000101004
NIPA1,ENSG00000170113
NIPA2,ENSG00000140157
NIPBL,ENSG00000164190
NLGN1,ENSG00000169760
MNT,ENSG00000070444
MSL3,ENSG00000005302
MSNP1AS,N/A
MSX2,ENSG00000120149
MYH9,ENSG00000100345
MYLK,ENSG00000065534
MYOCD,ENSG00000141052
NCAPH2,ENSG00000025770
NCOA1,ENSG00000084676
NDUFA5,ENSG00000128609
NLGN2,ENSG00000169992
NLGN3,ENSG00000196338
NLGN4X,ENSG00000146938
NLGN4Y,ENSG00000165246
NOTCH2NL,N/A
NPAS2,ENSG00000170485
NR1D1,ENSG00000126368
NR2F1,ENSG00000175745
NR3C2,ENSG00000151623
NR4A2,ENSG00000153234
NRCAM,ENSG00000091129
NRP2,ENSG00000118257
NRXN1,ENSG00000179915
NRXN2,ENSG00000110076
NRXN3,ENSG00000021645
NSD1,ENSG00000165671
NTNG1,ENSG00000162631
NTNG2,ENSG00000196358
NTRK1,ENSG00000198400
NTRK2,ENSG00000148053
NTRK3,ENSG00000140538
NSMCE3,ENSG00000185115
NUAK1,ENSG00000074590
NUDCD2,ENSG00000170584
NUP133,ENSG00000069248
NXPH1,ENSG00000122584
OCRL,ENSG00000122126
ODF3L2,ENSG00000181781
OFD1,ENSG00000046651
OPHN1,ENSG00000079482
OR1C1,ENSG00000221888
OR2M4,ENSG00000171180
OR2T10,ENSG00000184022
OR52M1,ENSG00000197790
OTUD7A,ENSG00000169918
OTX1,ENSG00000115507
OXT,ENSG00000101405
MSRA,ENSG00000175806
NKX2-2,ENSG00000125820
NOVA2,ENSG00000104967
NUP155,ENSG00000113569
NXF1,ENSG00000162231
OXTR,ENSG00000180914
P2RX5,ENSG00000083454
P4HA2,ENSG00000072682
PACS1,ENSG00000175115
PACS2,ENSG00000179364
PAFAH1B2,ENSG00000168092
PAH,ENSG00000171759
PAK1,ENSG00000149269
PAK2,ENSG00000180370
PAPOLG,ENSG00000115421
NSD2,ENSG00000109685
PARD3B,ENSG00000116117
PAX5,ENSG00000196092
PAX6,ENSG00000007372
PBX1,ENSG00000185630
PCCA,ENSG00000175198
PCCB,ENSG00000114054
PCDH10,ENSG00000138650
PCDH11X,ENSG00000102290
PCDH15,ENSG00000150275
PCDH19,ENSG00000165194
PATJ,ENSG00000132849
PCDH9,ENSG00000184226
PCDHA1,ENSG00000204970
PCDHA10,ENSG00000250120
PCDHA11,ENSG00000249158
PCDHA12,ENSG00000251664
PCDHA13,ENSG00000239389
PCDHA2,ENSG00000204969
PCDHA3,ENSG00000255408
PCDHA4,ENSG00000204967
PCDHA5,ENSG00000204965
PCDHA6,ENSG00000081842
PCDHA7,ENSG00000204963
PCDHA8,ENSG00000204962
PCDHA9,ENSG00000204961
PCDHAC1,ENSG00000248383
PCM1,ENSG00000078674
PDCD1,ENSG00000188389
PDE1C,ENSG00000154678
PDK2,ENSG00000005882
PER1,N/A
PER2,ENSG00000132326
PEX7,ENSG00000112357
PHF2,ENSG00000197724
PHF21A,ENSG00000135365
PHF3,ENSG00000118482
PHF8,ENSG00000172943
PHIP,ENSG00000146247
PHRF1,ENSG00000070047
PIK3R2,ENSG00000105647
PITX1,ENSG00000069011
PLAUR,ENSG00000011422
PLCB1,ENSG00000182621
PEBP4,ENSG00000134020
PHF12,ENSG00000109118
PLCD4,ENSG00000115556
PLN,ENSG00000198523
PLXNA3,ENSG00000130827
PLXNA4,ENSG00000221866
PLXNB1,ENSG00000164050
PNPLA7,ENSG00000130653
POGZ,ENSG00000143442
POLA2,ENSG00000014138
PCDHAC2,ENSG00000243232
PHB,ENSG00000167085
PHF7,ENSG00000010318
PIK3CA,ENSG00000121879
PIK3CG,ENSG00000105851
PJA1,ENSG00000181191
POMGNT1,ENSG00000085998
POMT1,ENSG00000130714
PON1,ENSG00000005421
POT1,ENSG00000128513
POU3F3,ENSG00000198914
PPFIA1,ENSG00000131626
PPM1D,ENSG00000170836
PPP1R1B,ENSG00000131771
PPP2CA,ENSG00000113575
PPP2R1B,ENSG00000137713
PPP2R5D,ENSG00000112640
PREX1,ENSG00000124126
PRICKLE1,ENSG00000139174
PRICKLE2,ENSG00000163637
PRKAR1B,ENSG00000188191
PRKCA,ENSG00000154229
PRKCB,ENSG00000166501
PRKD1,ENSG00000184304
PRKD2,ENSG00000105287
PRKDC,ENSG00000253729
PRKN,ENSG00000185345
PRODH,ENSG00000100033
PRPF39,ENSG00000185246
PRR12,ENSG00000126464
PRUNE2,ENSG00000106772
PSD3,ENSG00000156011
PSMD12,ENSG00000197170
PTBP2,ENSG00000117569
PTCHD1,ENSG00000165186
PTEN,ENSG00000171862
PTCHD1-AS,ENSG00000233067
PTGS2,ENSG00000073756
PTK7,ENSG00000112655
PTPN11,ENSG00000179295
PTPRB,ENSG00000127329
PTPRC,ENSG00000081237
PTPRT,ENSG00000196090
PXDN,ENSG00000130508
PYHIN1,ENSG00000163564
QRICH1,ENSG00000198218
RAB11FIP5,ENSG00000135631
RAB2A,ENSG00000104388
RAB39B,ENSG00000155961
POLR3A,ENSG00000148606
PPP1R9B,ENSG00000108819
PPP3CA,ENSG00000138814
PPP5C,ENSG00000011485
RAB43,ENSG00000172780
RAC1,ENSG00000136238
RAD21,ENSG00000164754
RAD21L1,ENSG00000244588
RAI1,ENSG00000108557
RALA,ENSG00000006451
RALGAPB,ENSG00000170471
RANBP17,ENSG00000204764
RAPGEF4,ENSG00000091428
RASSF5,ENSG00000266094
RBFOX1,ENSG00000078328
RBM27,ENSG00000091009
REEP3,ENSG00000165476
RELN,ENSG00000189056
RERE,ENSG00000142599
RFX3,ENSG00000080298
RGS7,ENSG00000182901
RHEB,ENSG00000106615
RIMS1,ENSG00000079841
RIMS3,ENSG00000117016
RLIM,ENSG00000131263
RNF135,ENSG00000181481
RNF25,ENSG00000163481
RNF38,ENSG00000137075
ROBO2,ENSG00000185008
RORA,ENSG00000069667
RORB,ENSG00000198963
RPL10,ENSG00000147403
RP11-1407O15.2,N/A
RPS6KA2,ENSG00000071242
RPS6KA3,ENSG00000177189
SAE1,ENSG00000142230
SAMD11,ENSG00000187634
SASH1,ENSG00000111961
SATB2,ENSG00000119042
SBF1,ENSG00000100241
SCFD2,ENSG00000184178
SCN1A,ENSG00000144285
RFX4,ENSG00000111783
RFX7,ENSG00000181827
RHOXF1,ENSG00000101883
RIMS2,ENSG00000176406
RIT2,ENSG00000152214
RSRC1,ENSG00000174891
SATB1,ENSG00000182568
SCAF4,ENSG00000156304
SCN2A,ENSG00000136531
RPS10P2-AS1,N/A
SCN4A,ENSG00000007314
SCN8A,ENSG00000196876
SCN9A,ENSG00000169432
SCP2,ENSG00000116171
SDC2,ENSG00000169439
SEMA5A,ENSG00000112902
SERPINE1,ENSG00000106366
SET,ENSG00000119335
SETBP1,ENSG00000152217
SETD1B,ENSG00000139718
SETD2,ENSG00000181555
SETD5,ENSG00000168137
SETDB1,ENSG00000143379
SETDB2,ENSG00000136169
SEZ6L2,ENSG00000174938
SF3B1,ENSG00000115524
SGSH,ENSG00000181523
SGSM3,ENSG00000100359
SH3RF3,ENSG00000172985
SHANK1,ENSG00000161681
SHANK2,ENSG00000162105
SHANK3,ENSG00000251322
SHOX,ENSG00000185960
SIK1,ENSG00000142178
SIN3A,ENSG00000169375
SLC12A5,ENSG00000124140
SLC1A1,ENSG00000106688
SLC1A2,ENSG00000110436
SLC22A9,ENSG00000149742
SLC24A2,ENSG00000155886
SLC25A12,ENSG00000115840
SLC25A39,ENSG00000013306
SETD1A,ENSG00000099381
SIN3B,ENSG00000127511
SKI,ENSG00000157933
SLC27A4,ENSG00000167114
SLC29A4,ENSG00000164638
SLC38A10,ENSG00000157637
SLC45A1,ENSG00000162426
SLC4A10,ENSG00000144290
SLC6A1,ENSG00000157103
SLC6A3,ENSG00000142319
SLC6A4,ENSG00000108576
SLC6A8,ENSG00000130821
SLC7A3,ENSG00000165349
SLC7A5,ENSG00000103257
SLC7A7,ENSG00000155465
SLC9A6,ENSG00000198689
SLC9A9,ENSG00000181804
SLCO1B3,ENSG00000111700
SLITRK5,ENSG00000165300
SMAD4,ENSG00000141646
SMARCA2,ENSG00000080503
SMARCA4,ENSG00000127616
SMARCC2,ENSG00000139613
SMC1A,ENSG00000072501
SMC3,ENSG00000108055
SMG6,ENSG00000070366
SMURF1,ENSG00000198742
SNAP25,ENSG00000132639
SND1,ENSG00000197157
SNTG2,ENSG00000172554
SNX14,ENSG00000135317
SNX5,ENSG00000089006
SOD1,ENSG00000142168
SON,ENSG00000159140
SOX5,ENSG00000134532
SPARCL1,ENSG00000152583
SPAST,ENSG00000021574
SPEN,ENSG00000065526
SPP2,ENSG00000072080
SRCAP,ENSG00000080603
SRGAP3,ENSG00000196220
SRSF11,ENSG00000116754
SSRP1,ENSG00000149136
ST7,ENSG00000004866
SORCS3,ENSG00000156395
SOX6,ENSG00000110693
ST8SIA2,ENSG00000140557
STAG1,ENSG00000118007
STX1A,ENSG00000106089
STXBP1,ENSG00000136854
STXBP5,ENSG00000164506
STYK1,ENSG00000060140
SYAP1,ENSG00000169895
SYN1,ENSG00000008056
SLC22A15,ENSG00000163393
SLC25A27,ENSG00000153291
SLC35B1,ENSG00000121073
SPTBN1,ENSG00000115306
STK39,ENSG00000198648
SUPT16H,ENSG00000092201
SYBU,ENSG00000147642
SYCE1,ENSG00000171772
SYN2,ENSG00000157152
SYNCRIP,ENSG00000135316
SYNE1,ENSG00000131018
SYNGAP1,ENSG00000197283
SRPRA,ENSG00000182934
SYNJ1,ENSG00000159082
SYT1,ENSG00000067715
TAF1,ENSG00000147133
TAF1C,ENSG00000103168
TAF6,ENSG00000106290
TANC2,ENSG00000170921
TAOK1,ENSG00000160551
TAOK2,ENSG00000149930
TBC1D23,ENSG00000036054
TBC1D31,ENSG00000156787
TBC1D5,ENSG00000131374
TBCK,ENSG00000145348
TBL1XR1,ENSG00000177565
TBR1,ENSG00000136535
TBX1,ENSG00000184058
TCF20,ENSG00000100207
TCF4,ENSG00000196628
TCF7L2,ENSG00000148737
TECTA,ENSG00000109927
TERF2,ENSG00000132604
TET2,ENSG00000168769
THBS1,ENSG00000137801
THRA,ENSG00000126351
TLK2,ENSG00000146872
TM4SF19,ENSG00000145107
TM4SF20,ENSG00000168955
TMEM39B,ENSG00000121775
TMLHE,ENSG00000185973
TERB2,ENSG00000167014
SYP,ENSG00000102003
TBX22,ENSG00000122145
TEK,ENSG00000120156
TET3,ENSG00000187605
TFB2M,ENSG00000162851
TM9SF4,ENSG00000101337
TMEM134,ENSG00000172663
TNRC6B,ENSG00000100354
TOP3B,ENSG00000100038
TRAF7,ENSG00000131653
TRAPPC6B,ENSG00000182400
TRAPPC9,ENSG00000167632
TNS2,ENSG00000111077
TRIO,ENSG00000038382
TRIP12,ENSG00000153827
TRPC6,ENSG00000137672
TRPM1,ENSG00000134160
TRRAP,ENSG00000196367
TSC1,ENSG00000165699
TSC2,ENSG00000103197
TSHZ3,ENSG00000121297
TSPAN17,ENSG00000048140
TSPAN4,ENSG00000214063
TSPAN7,ENSG00000156298
TTI2,ENSG00000129696
TTN,ENSG00000155657
TUBGCP5,ENSG00000275835
TSPOAP1,ENSG00000005379
UBE3A,ENSG00000114062
UBE3C,ENSG00000009335
UBN2,ENSG00000157741
UBR5,ENSG00000104517
UIMC1,ENSG00000087206
UNC13A,ENSG00000130477
UNC79,ENSG00000133958
UNC80,ENSG00000144406
UPF2,ENSG00000151461
UPF3B,ENSG00000125351
TRAPPC2L,ENSG00000167515
TRIM23,ENSG00000113595
TRIM32,ENSG00000119401
UNC5D,ENSG00000156687
USH2A,ENSG00000042781
USP15,ENSG00000135655
USP45,ENSG00000123552
USP7,ENSG00000187555
USP9X,ENSG00000124486
USP9Y,ENSG00000114374
VAMP2,ENSG00000220205
VEZF1,ENSG00000136451
VIL1,ENSG00000127831
VPS13B,ENSG00000132549
SYT17,ENSG00000103528
TBL1X,ENSG00000101849
TDO2,ENSG00000151790
TPO,ENSG00000115705
TRIM33,ENSG00000197323
TTC25,ENSG00000204815
UBE2H,ENSG00000186591
VASH1,ENSG00000071246
VDR,ENSG00000111424
VSIG4,ENSG00000155659
WAC,ENSG00000095787
WASF1,ENSG00000112290
WDFY3,ENSG00000163625
UBR1,ENSG00000159459
VWA7,ENSG00000204396
WDFY4,ENSG00000128815
WDR26,ENSG00000162923
WNK3,ENSG00000196632
WNT1,ENSG00000125084
WWOX,ENSG00000186153
XPC,ENSG00000154767
XPO1,ENSG00000082898
YEATS2,ENSG00000163872
YTHDC2,ENSG00000047188
YWHAE,ENSG00000108953
YY1,ENSG00000100811
ZBTB16,ENSG00000109906
ZBTB20,ENSG00000181722
ZC3H11A,ENSG00000058673
ZC3H4,N/A
ZFYVE26,ENSG00000072121
ZMYND11,ENSG00000015171
ZNF18,ENSG00000154957
ZNF292,ENSG00000188994
ZNF385B,ENSG00000144331
ZNF462,ENSG00000148143
ZNF517,ENSG00000197363
ZNF548,ENSG00000188785
ZNF559,ENSG00000188321
ZNF626,ENSG00000188171
ZNF713,ENSG00000178665
ZNF774,ENSG00000196391
ZNF804A,ENSG00000170396
WWP1,ENSG00000123124
XRCC6,ENSG00000196419
YWHAG,ENSG00000170027
ZMIZ1,ENSG00000108175
ZMYM2,ENSG00000121741
ZMYND8,ENSG00000101040
ZNF827,ENSG00000151612
ZSWIM6,ENSG00000130449
ZWILCH,ENSG00000174442