﻿Gene-symbol,Year,Reports
NRXN1,2021,5
NRXN1,2020,4
NRXN1,2019,8
NRXN1,2018,6
NRXN1,2017,5
NRXN1,2016,2
NRXN1,2015,2
NRXN1,2014,4
NRXN1,2013,4
NRXN1,2012,3
NRXN1,2011,1
NRXN1,2009,5
NRXN1,2008,2
NRXN1,2007,1
SHANK3,2021,13
SHANK3,2020,23
SHANK3,2019,26
SHANK3,2018,18
SHANK3,2017,19
SHANK3,2016,19
SHANK3,2015,13
SHANK3,2014,2
SHANK3,2013,3
SHANK3,2012,5
SHANK3,2011,9
SHANK3,2010,2
SHANK3,2009,7
SHANK3,2008,4
SHANK3,2007,2
SHANK3,2006,1
MECP2,2021,5
MECP2,2020,11
MECP2,2019,7
MECP2,2018,2
MECP2,2017,11
MECP2,2016,12
MECP2,2015,7
MECP2,2014,4
MECP2,2013,4
MECP2,2012,6
MECP2,2011,6
MECP2,2010,5
MECP2,2009,9
MECP2,2008,7
MECP2,2007,4
MECP2,2006,1
MECP2,2005,5
MECP2,2004,4
MECP2,2003,3
MECP2,2002,2
MECP2,2001,1
MECP2,2000,1
MECP2,1994,1
SCN2A,2019,2
SCN2A,2018,1
SCN2A,2017,1
SCN2A,2016,1
SCN1A,2019,1
SCN1A,2018,1
SCN1A,2016,1
SCN1A,2012,1
CNTNAP2,2021,4
CNTNAP2,2020,10
CNTNAP2,2019,11
CNTNAP2,2018,8
CNTNAP2,2017,9
CNTNAP2,2016,10
CNTNAP2,2015,9
CNTNAP2,2014,2
CNTNAP2,2013,4
CNTNAP2,2012,2
CNTNAP2,2011,6
CNTNAP2,2010,3
CNTNAP2,2009,3
CNTNAP2,2008,5
OXTR,2021,4
OXTR,2020,5
OXTR,2019,5
OXTR,2018,4
OXTR,2017,8
OXTR,2016,8
OXTR,2015,3
OXTR,2014,3
OXTR,2013,2
OXTR,2012,5
OXTR,2011,3
OXTR,2010,4
OXTR,2009,2
OXTR,2008,3
OXTR,2007,2
OXTR,2006,1
OXTR,2005,1
GRIN2A,2020,2
GRIN2A,2019,1
GRIN2A,2018,2
GRIN2A,2012,1
GRIN2A,2005,1
MET,2013,1
MET,2012,1
MET,2011,2
MET,2009,3
MET,2008,1
MET,2007,1
MET,2006,1
RBFOX1,2020,1
RBFOX1,2019,1
RBFOX1,2018,1
RBFOX1,2016,4
RBFOX1,2015,3
RBFOX1,2014,1
RBFOX1,2012,1
RBFOX1,2011,1
RBFOX1,2007,1
RBFOX1,2005,1
SATB2,2019,1
SATB2,2018,1
SATB2,2014,1
SATB2,2013,1
SLC6A4,2021,1
SLC6A4,2020,3
SLC6A4,2019,2
SLC6A4,2018,2
SLC6A4,2017,2
SLC6A4,2016,2
SLC6A4,2015,5
SLC6A4,2014,4
SLC6A4,2013,3
SLC6A4,2012,1
SLC6A4,2011,3
SLC6A4,2010,4
SLC6A4,2009,3
SLC6A4,2008,7
SLC6A4,2007,5
SLC6A4,2006,5
SLC6A4,2005,3
SLC6A4,2004,4
SLC6A4,2003,2
SLC6A4,2002,4
SLC6A4,2001,1
SLC6A4,2000,2
SLC6A4,1999,2
SLC6A4,1997,1
DPP6,2010,1
DPP6,2008,1
IL1RAPL1,2019,1
IL1RAPL1,2018,1
IL1RAPL1,2015,1
IL1RAPL1,2013,1
IL1RAPL1,2011,1
IL1RAPL1,2010,2
IL1RAPL1,2008,2
IL1RAPL1,2007,1
SLC25A12,2021,1
SLC25A12,2017,1
SLC25A12,2016,1
SLC25A12,2015,2
SLC25A12,2011,1
SLC25A12,2010,1
SLC25A12,2009,1
SLC25A12,2008,4
SLC25A12,2006,3
SLC25A12,2005,1
SLC25A12,2004,1