Gene-symbol,Year,Reports,Score,Syndromic,Search Strategy,Search term,Notes,,,
,,,,,"Medline, ASD/autism in title/abstract (noexp), gene name in title or abstract. ",(Autism Spectrum Disorder [MAJR]) AND ((NRXN1 [TIAB] or DKFZp313P2036 [TIAB] OR FLJ35941 [TIAB] OR Hs.22998 [TIAB] OR KIAA0578 [TIAB] OR PTHSL2 [TIAB]) AND genetics [SH]),"The following terms were not found in PubMed: DKFZp313P2036, FLJ35941, Hs.22998, KIAA0578, PTHSL2","Results were downloaded from the historgram on the webpage. This is slightly different from the actual results, as it counts publications that were published and the date that it was electronically available twice. ",,
NRXN1,2021,5,1,0,,,,,,
,2020,4,,,,,,,,
,2019,8,,,,,,,,
,2018,6,,,,,,,,
,2017,5,,,,,,,,
,2016,2,,,,,,,,
,2015,2,,,,,,,,
,2014,4,,,,,,,,
,2013,4,,,,,,,,
,2012,3,,,,,,,,
,2011,1,,,,,,,,
,2009,5,,,,,,,,
,2008,2,,,,,,,,
,2007,1,,,,,,,,
SHANK3,2021,13,1,1,,(Autism Spectrum Disorder [MAJR]) AND ((SHANK3 [TIAB] OR PSAP2 [TIAB] OR PROSAP2 [TIAB] OR SPANK-2 [TIAB] OR KIAA1650 [TIAB]) AND genetics [SH]),"The following terms were not found in PubMed: SPANK-2, KIAA1650",,,
,2020,23,,,,,,,,
,2019,26,,,,,,,,
,2018,18,,,,,,,,
,2017,19,,,,,,,,
,2016,19,,,,,,,,
,2015,13,,,,,,,,
,2014,2,,,,,,,,
,2013,3,,,,,,,,
,2012,5,,,,,,,,
,2011,9,,,,,,,,
,2010,2,,,,,,,,
,2009,7,,,,,,,,
,2008,4,,,,,,,,
,2007,2,,,,,,,,
,2006,1,,,,,,,,
MECP2,2021,5,1,1,,(Autism Spectrum Disorder [MAJR]) AND ((MECP2 [TIAB] OR RTS [TIAB] OR RTT gene [TIAB] OR PPMX [TIAB] OR MRX16 [TIAB] OR MRX79 [TIAB] OR AUTSX3 [TIAB] OR DKFZp686A24160 [TIAB]) AND genetics [SH]),"The following terms were not found in PubMed: AUTSX3, DKFZp686A24160","NB: some articles may still be exclusively about Rett's syndrome, and not the gene? E.g.: Wong LC, Chen YT, Tsai SM, Lin YJ, Hsu CJ, Wang HP, Hu SC, Shen HY, Tsai WC, Lee WT. Dietary intake and growth deficits in Rett syndrome-A cross-section study. Autism Res. 2021 Jul;14(7):1512-1521. doi: 10.1002/aur.2508. Epub 2021 Mar 31. PMID: 33788416.",,
,2020,11,,,,,Common abbreviations were supplemented with the word 'gene' to avoid papers about other things (that aren't the gene) ,"^ possible solution - use TIAB instead of MeSH heading, because this paper was in published in  International Society for Autism Research, giving is an ASD tag without it being strictly about the link betweeen ASD and the gene. ",,
,2019,7,,,,,,,,
,2018,2,,,,,,,,
,2017,11,,,,,,,,
,2016,12,,,,,,,,
,2015,7,,,,,,,,
,2014,4,,,,,,,,
,2013,4,,,,,,,,
,2012,6,,,,,,,,
,2011,6,,,,,,,,
,2010,5,,,,,,,,
,2009,9,,,,,,,,
,2008,7,,,,,,,,
,2007,4,,,,,,,,
,2006,1,,,,,,,,
,2005,5,,,,,,,,
,2004,4,,,,,,,,
,2003,3,,,,,,,,
,2002,2,,,,,,,,
,2001,1,,,,,,,,
,2000,1,,,,,,,,
,1994,1,,,,,,,,
SCN2A,2019,2,1,0,,(Autism Spectrum Disorder [MAJR]) AND ((SCN2A [TIAB] OR HBA [TIAB] OR NAC2 [TIAB] OR HBSCI [TIAB] OR HBSCII [TIAB] OR  Nav1.2 [TIAB] OR SCN2A1 [TIAB] OR SCN2A2 [TIAB] OR  Na(v)1.2 [TIAB]) AND genetics [SH]),"The following terms were not found in PubMed: HBSCI, HBSCII",,,
,2018,1,,,,,,,,
,2017,1,,,,,,,,
,2016,1,,,,,,,,
SCN1A,2019,1,1,1,,(Autism Spectrum Disorder [MAJR]) AND ((SCN1A [TIAB] OR Na(v)1.1 [TIAB] OR FEB3 [TIAB] OR NAC1 [TIAB] OR SCN1 [TIAB] OR SMEI [TIAB] OR HBSCI [TIAB] OR GEFSP2 [TIAB] OR Nav1.1 [TIAB]) AND genetics [SH]),"The following terms were not found in PubMed: HBSCI, GEFSP2",,,
,2018,1,,,,,,,,
,2016,1,,,,,,,,
,2012,1,,,,,,,,
CNTNAP2,2021,4,2,1,,(Autism Spectrum Disorder [MAJR]) AND ((CNTNAP2 [TIAB] OR CDFE [TIAB] OR NRXN4 [TIAB] OR CASPR2 [TIAB] OR DKFZp781D1846 [TIAB]) AND genetics [SH]),The following term was not found in PubMed: DKFZp781D1846,,,
,2020,10,,,,,,,,
,2019,11,,,,,,,,
,2018,8,,,,,,,,
,2017,9,,,,,,,,
,2016,10,,,,,,,,
,2015,9,,,,,,,,
,2014,2,,,,,,,,
,2013,4,,,,,,,,
,2012,2,,,,,,,,
,2011,6,,,,,,,,
,2010,3,,,,,,,,
,2009,3,,,,,,,,
,2008,5,,,,,,,,
OXTR,2021,4,2,0,,(Autism Spectrum Disorder [MAJR]) AND ((OXTR [TIAB] OR OT-R [TIAB]) AND genetics [SH]),,,,
,2020,5,,,,,,,,
,2019,5,,,,,,,,
,2018,4,,,,,,,,
,2017,8,,,,,,,,
,2016,8,,,,,,,,
,2015,3,,,,,,,,
,2014,3,,,,,,,,
,2013,2,,,,,,,,
,2012,5,,,,,,,,
,2011,3,,,,,,,,
,2010,4,,,,,,,,
,2009,2,,,,,,,,
,2008,3,,,,,,,,
,2007,2,,,,,,,,
,2006,1,,,,,,,,
,2005,1,,,,,,,,
GRIN2A,2020,2,2,0,,(Autism Spectrum Disorder [MAJR]) AND ((GRIN2A [TIAB] OR NR2A [TIAB] OR NMDAR2A [TIAB]) AND genetics [SH]),,,,
,2019,1,,,,,,,,
,2018,2,,,,,,,,
,2012,1,,,,,,,,
,2005,1,,,,,,,,
MET,2013,1,2,0,,(Autism Spectrum Disorder [MAJR]) AND ((MET gene [TIAB] OR HGFR [TIAB] OR RCCP2 [TIAB] OR Oncogene MET [TIAB] OR  met proto-oncogene [TIAB]) AND genetics [SH]),The following term was not found in PubMed: RCCP2,,,
,2012,1,,,,,,,,
,2011,2,,,,,,,,
,2009,3,,,,,,,,
,2008,1,,,,,,,,
,2007,1,,,,,,,,
,2006,1,,,,,,,,
RBFOX1,2020,1,2,0,,(Autism Spectrum Disorder [MAJR]) AND ((RBFOX1 [TIAB] OR 2BP1 [TIAB] OR A2BP1 [TIAB] OR FOX-1 [TIAB] OR FOX1 [TIAB] OR HRNBP1 [TIAB]) AND genetics [SH]),,,,
,2019,1,,,,,,,,
,2018,1,,,,,,,,
,2016,4,,,,,,,,
,2015,3,,,,,,,,
,2014,1,,,,,,,,
,2012,1,,,,,,,,
,2011,1,,,,,,,,
,2007,1,,,,,,,,
,2005,1,,,,,,,,
SATB2,2019,1,3,1,,(Autism Spectrum Disorder [MAJR]) AND ((SATB2 [TIAB] OR FLJ21474 [TIAB] OR  FLJ32076 [TIAB] OR KIAA1034 [TIAB] OR MGC119474 [TIAB] OR MGC119477 [TIAB]) AND genetics [SH]),"The following terms were not found in PubMed: FLJ21474, FLJ32076, MGC119474, MGC119477",,,
,2018,1,,,,,,,,
,2014,1,,,,,,,,
,2013,1,,,,,,,,
SLC6A4,2021,1,3,0,,(Autism Spectrum Disorder [MAJR]) AND ((SLC6A4 [TIAB] OR HTT gene [TIAB] OR 5HTT gene [TIAB] OR OCD1 gene [TIAB] OR SERT gene [TIAB] OR 5-HTT [TIAB] OR hSERT [TIAB]) AND genetics [SH]),Had to specify 'gene' behind the common terms. ,,,
,2020,3,,,,,,,,
,2019,2,,,,,,,,
,2018,2,,,,,,,,
,2017,2,,,,,,,,
,2016,2,,,,,,,,
,2015,5,,,,,,,,
,2014,4,,,,,,,,
,2013,3,,,,,,,,
,2012,1,,,,,,,,
,2011,3,,,,,,,,
,2010,4,,,,,,,,
,2009,3,,,,,,,,
,2008,7,,,,,,,,
,2007,5,,,,,,,,
,2006,5,,,,,,,,
,2005,3,,,,,,,,
,2004,4,,,,,,,,
,2003,2,,,,,,,,
,2002,4,,,,,,,,
,2001,1,,,,,,,,
,2000,2,,,,,,,,
,1999,2,,,,,,,,
,1997,1,,,,,,,,
DPP6,2010,1,3,0,,(Autism Spectrum Disorder [MAJR]) AND ((DPP6 [TIAB] OR DPPX [TIAB] OR  MGC46605 [TIAB]) AND genetics [SH]),The following term was not found in PubMed: MGC46605,,,
,2008,1,,,,,,,,
IL1RAPL1,2019,1,3,0,,(Autism Spectrum Disorder [MAJR]) AND ((IL1RAPL1 [TIAB] OR IL1R8 [TIAB] OR  MRX21 [TIAB] OR MRX34 [TIAB] OR OPHN4 [TIAB] OR IL1RAPL [TIAB] OR TIGIRR-2 [TIAB]) AND genetics [SH]),The following term was not found in PubMed: OPHN4,,,
,2018,1,,,,,,,,
,2015,1,,,,,,,,
,2013,1,,,,,,,,
,2011,1,,,,,,,,
,2010,2,,,,,,,,
,2008,2,,,,,,,,
,2007,1,,,,,,,,
SLC25A12,2021,1,3,0,,(Autism Spectrum Disorder [MAJR]) AND ((SLC25A12 [TIAB] OR ARALAR [TIAB] OR ARALAR1 [TIAB]) AND genetics [SH]),,,,
,2017,1,,,,,,,,
,2016,1,,,,,,,,
,2015,2,,,,,,,,
,2011,1,,,,,,,,
,2010,1,,,,,,,,
,2009,1,,,,,,,,
,2008,4,,,,,,,,
,2006,3,,,,,,,,
,2005,1,,,,,,,,
,2004,1,,,,,,,,
,,,,,,,,,,
,,,,,,,,,,
,,,,,,,,,,
,,,,,,,,,,
,,,,,,,,,,
,,,,,,,,,,
,,,,,,,,,,
,,,,,,,,,,
,,,,,,,,,,
,,,,,,,,,,
,,,,,,,,,,
,,,,,,,,,,
,,,,,,,,,,
,,,,,,,,,,
,,,,,,,,,,
,,,,,,,,,,
,,,,,,,,,,
,,,,,,,,,,
,,,,,,,,,,
,,,,,,,,,,
,,,,,,,,,,
,,,,,,,,,,
,,,,,,,,,,