﻿Gene-symbol,Year,Reports
NRXN1,2021,6
NRXN1,2020,8
NRXN1,2019,12
NRXN1,2018,8
NRXN1,2017,8
NRXN1,2016,3
NRXN1,2015,10
NRXN1,2014,14
NRXN1,2013,18
NRXN1,2012,12
NRXN1,2011,15
NRXN1,2010,6
NRXN1,2009,9
NRXN1,2008,5
NRXN1,2007,3
SHANK3,2021,17
SHANK3,2020,33
SHANK3,2019,36
SHANK3,2018,30
SHANK3,2017,28
SHANK3,2016,35
SHANK3,2015,22
SHANK3,2014,20
SHANK3,2013,19
SHANK3,2012,15
SHANK3,2011,14
SHANK3,2010,5
SHANK3,2009,8
SHANK3,2008,7
SHANK3,2007,3
SHANK3,2006,1
SHANK3,2005,1
MECP2,2021,6
MECP2,2020,21
MECP2,2019,17
MECP2,2018,16
MECP2,2017,29
MECP2,2016,34
MECP2,2015,27
MECP2,2014,28
MECP2,2013,20
MECP2,2012,18
MECP2,2011,31
MECP2,2010,15
MECP2,2009,15
MECP2,2008,14
MECP2,2007,16
MECP2,2006,9
MECP2,2005,9
MECP2,2004,7
MECP2,2003,4
MECP2,2002,6
MECP2,2000,2
MECP2,1999,1
MECP2,1995,1
MECP2,1994,1
SCN2A,2021,3
SCN2A,2019,5
SCN2A,2018,3
SCN2A,2017,1
SCN2A,2016,2
SCN2A,2015,1
SCN2A,2011,1
SCN1A,2021,2
SCN1A,2020,1
SCN1A,2019,2
SCN1A,2018,3
SCN1A,2017,1
SCN1A,2016,1
SCN1A,2015,1
SCN1A,2014,1
SCN1A,2013,1
SCN1A,2012,1