﻿Gene-symbol,Year,Reports
NRXN1,2021,4
NRXN1,2020,4
NRXN1,2019,9
NRXN1,2018,6
NRXN1,2017,5
NRXN1,2016,2
NRXN1,2015,2
NRXN1,2014,5
NRXN1,2013,7
NRXN1,2012,4
NRXN1,2011,1
NRXN1,2010,1
NRXN1,2009,5
NRXN1,2008,4
NRXN1,2007,3
SHANK3,2021,9
SHANK3,2020,23
SHANK3,2019,29
SHANK3,2018,17
SHANK3,2017,18
SHANK3,2016,19
SHANK3,2015,12
SHANK3,2014,3
SHANK3,2013,4
SHANK3,2012,7
SHANK3,2011,9
SHANK3,2010,2
SHANK3,2009,7
SHANK3,2008,4
SHANK3,2007,2
SHANK3,2006,1
MECP2,2021,3
MECP2,2020,11
MECP2,2019,8
MECP2,2018,6
MECP2,2017,14
MECP2,2016,17
MECP2,2015,7
MECP2,2014,6
MECP2,2013,4
MECP2,2012,7
MECP2,2011,6
MECP2,2010,6
MECP2,2009,8
MECP2,2008,7
MECP2,2007,6
MECP2,2005,5
MECP2,2004,4
MECP2,2003,3
MECP2,2002,2
MECP2,2000,1
SCN2A,2021,1
SCN2A,2019,3
SCN2A,2018,2
SCN2A,2017,1
SCN2A,2016,2
SCN2A,2015,1
SCN1A,2020,1
SCN1A,2019,1
SCN1A,2018,1
SCN1A,2016,1
SCN1A,2012,1